rank,name,direction,grids,trades,profit,status,medal
"1","ETH QuantumGrid","Neutral",45,612,"+914.80%","Champion","🥇"
"2","SOL CyberVelocity","Long",30,540,"+862.30%","Runner-up","🥈"
"3","BTC NexusCrusher","Neutral",50,588,"+795.15%","Podium","🥉"
"4","BNB ApexChain","Neutral",25,440,"+684.30%","Profit Zone",""
"5","AVAX PeakVortex","Long",40,475,"+612.50%","Profit Zone",""
"6","XRP TurboFlow","Neutral",20,390,"+540.20%","Profit Zone",""
"7","LINK SynthNode","Neutral",35,410,"+485.60%","Profit Zone",""
"8","TON GramMatrix","Long",30,380,"+440.10%","Profit Zone",""
"9","SUI WaveRunner","Long",35,395,"+395.70%","Profit Zone",""
"10","NEAR ShardPulse","Neutral",28,360,"+360.40%","Profit Zone",""
"11","APT HyperSurge","Long",32,345,"+325.80%","Profit Zone",""
"12","DOT ParachainMaster","Neutral",22,310,"+290.40%","Profit Zone",""
"13","MATIC PolygonPulse","Long",30,330,"+265.10%","Profit Zone",""
"14","ADA OuroborosGrid","Neutral",25,290,"+240.50%","Profit Zone",""
"15","ATOM CosmoMatrix","Neutral",20,275,"+215.30%","Profit Zone",""
"16","INJ SonicRider","Long",35,320,"+195.80%","Profit Zone",""
"17","LTC SilverMatrix","Neutral",20,250,"+180.20%","Profit Zone",""
"18","TRX SunBeam","Neutral",18,240,"+165.40%","Profit Zone",""
"19","UNI V3Harvester","Long",24,260,"+150.80%","Profit Zone",""
"20","XMR GhostTrail","Neutral",16,220,"+138.50%","Profit Zone",""
"21","DOGE ShibeRockets","Long",30,310,"+125.40%","Profit Zone",""
"22","SHIB ArmyVault","Long",25,295,"+112.10%","Profit Zone",""
"23","AVAX SummitGrid","Neutral",30,280,"+98.70%","Profit Zone",""
"24","SOL HeliosWave","Neutral",35,270,"+88.50%","Profit Zone",""
"25","ETH EtherMatrix","Long",28,260,"+79.20%","Profit Zone",""
"26","BTC BlockMaster","Long",40,255,"+68.40%","Profit Zone",""
"27","BNB BinancePulse","Long",22,240,"+59.60%","Profit Zone",""
"28","NEAR AuroraFlow","Long",25,230,"+51.20%","Profit Zone",""
"29","TON OpenNetwork","Neutral",24,220,"+43.80%","Profit Zone",""
"30","SUI HydroGrid","Neutral",26,210,"+36.50%","Profit Zone",""
"31","LINK OracleMesh","Long",25,200,"+29.40%","Profit Zone",""
"32","DOT RelayMaster","Long",20,190,"+22.80%","Profit Zone",""
"33","XRP LedgerSprint","Long",18,180,"+17.10%","Profit Zone",""
"34","ADA VasilEngine","Long",20,170,"+12.50%","Profit Zone",""
"35","ATOM GravityHub","Long",18,160,"+7.90%","Profit Zone",""
"36","MATIC ZeroKnowledge","Neutral",20,150,"-4.80%","Drawdown",""
"37","LTC ScryptPulse","Long",16,140,"-12.30%","Drawdown",""
"38","TRX EnergyGrid","Neutral",15,135,"-19.50%","Drawdown",""
"39","UNI DexMatrix","Neutral",18,130,"-26.40%","Drawdown",""
"40","AVAX SubnetTrap","Neutral",22,125,"-34.80%","Drawdown",""
"41","APT MoveEngine","Long",26,120,"-42.10%","Drawdown",""
"42","ADA ShelleyFault","Neutral",33,115,"-51.60%","Drawdown",""
"43","SOL BearTrapShort","Short",18,95,"-100.00%","Liquidated",""
"44","MATIC DumpShort","Short",28,110,"-100.00%","Liquidated",""
"45","DOT PolkaShort","Short",20,85,"-100.00%","Liquidated",""
"46","INJ VoidShort","Short",25,90,"-100.00%","Liquidated",""
"47","ATOM BlackHoleShort","Short",18,80,"-100.00%","Liquidated",""
"48","AVAX AvalancheCrash","Short",22,85,"-100.00%","Liquidated",""
"49","DOGE MeltdownShort","Short",12,105,"-100.00%","Liquidated",""
"50","SHIB WipeoutShort","Short",15,120,"-100.00%","Liquidated",""